{
	"sprites": [
		{ "name": "dirt", "path": "Textures/dirt.png", "pixelsperunit": 180 },
		{ "name": "stone", "path": "Textures/stone.png", "pixelsperunit": 180 },
		{ "name": "grass", "path": "Textures/grass.png", "pixelsperunit": 180 },
		{ "name": "sand", "path": "Textures/sand.png", "pixelsperunit": 180 },
		{ "name": "water", "path": "Textures/water.png", "pixelsperunit": 180 },
		{ "name": "void", "path": "Textures/void.png", "pixelsperunit": 180 },
		{ "name": "cryutopia:heart_pen", "path": "Textures/heart_pen.png", "pixelsperunit": 16 },
		{ "name": "cryutopia:wall", "path": "Textures/wall.png", "pixelsperunit": 16 },
		{ "name": "cryutopia:wall_placeable", "path": "Textures/wall.png", "pixelsperunit": 16 },
		{ "name": "cryutopia:floor", "path": "Textures/floor.png", "pixelsperunit": 16 },
		{ "name": "cryutopia:floor_placeable", "path": "Textures/floor.png", "pixelsperunit": 16 }
	]
}